voornaam,voorkeur1,voorkeur2,voorkeur3
Docent_1,Mens-AI Teamleider,Transformatie-Driver,Ethische Navigator
Docent_2,Ecosysteem-Architect,Toekomst-Verkenner,Mens-AI Teamleider
Docent_3,Transformatie-Driver,Toekomst-Verkenner,Mens-AI Teamleider
Docent_4,Ecosysteem-Architect,Transformatie-Driver,Toekomst-Verkenner
Docent_5,Ecosysteem-Architect,Mens-AI Teamleider,Transformatie-Driver
Docent_6,Transformatie-Driver,Ethische Navigator,Toekomst-Verkenner
Docent_7,Ethische Navigator,Mens-AI Teamleider,Toekomst-Verkenner
Docent_8,Mens-AI Teamleider,Ecosysteem-Architect,Ethische Navigator
Docent_9,Toekomst-Verkenner,Transformatie-Driver,Ethische Navigator
Docent_10,Mens-AI Teamleider,Transformatie-Driver,Toekomst-Verkenner
Docent_11,Ethische Navigator,Toekomst-Verkenner,Ecosysteem-Architect
Docent_12,Mens-AI Teamleider,Ecosysteem-Architect,Toekomst-Verkenner
Docent_13,Transformatie-Driver,Ethische Navigator,Ecosysteem-Architect
Docent_14,Toekomst-Verkenner,Ethische Navigator,Mens-AI Teamleider
Docent_15,Toekomst-Verkenner,Ecosysteem-Architect,Transformatie-Driver
Docent_16,Ecosysteem-Architect,Ethische Navigator,Mens-AI Teamleider
Docent_17,Ethische Navigator,Transformatie-Driver,Toekomst-Verkenner
Docent_18,Toekomst-Verkenner,Ecosysteem-Architect,Mens-AI Teamleider
Docent_19,Ethische Navigator,Ecosysteem-Architect,Transformatie-Driver
Docent_20,Ecosysteem-Architect,Toekomst-Verkenner,Mens-AI Teamleider
Docent_21,Transformatie-Driver,Ethische Navigator,Ecosysteem-Architect
Docent_22,Ethische Navigator,Transformatie-Driver,Ecosysteem-Architect
Docent_23,Mens-AI Teamleider,Ecosysteem-Architect,Transformatie-Driver
Docent_24,Ecosysteem-Architect,Transformatie-Driver,Toekomst-Verkenner
Docent_25,Mens-AI Teamleider,Transformatie-Driver,Toekomst-Verkenner
Docent_26,Ecosysteem-Architect,Transformatie-Driver,Toekomst-Verkenner
Docent_27,Transformatie-Driver,Ecosysteem-Architect,Toekomst-Verkenner
Docent_28,Ethische Navigator,Mens-AI Teamleider,Toekomst-Verkenner
Docent_29,Mens-AI Teamleider,Ecosysteem-Architect,Ethische Navigator
Docent_30,Ecosysteem-Architect,Ethische Navigator,Mens-AI Teamleider
Docent_31,Toekomst-Verkenner,Ethische Navigator,Ecosysteem-Architect
Docent_32,Transformatie-Driver,Toekomst-Verkenner,Mens-AI Teamleider
Docent_33,Ecosysteem-Architect,Transformatie-Driver,Ethische Navigator
Docent_34,Ethische Navigator,Ecosysteem-Architect,Transformatie-Driver
Docent_35,Ethische Navigator,Toekomst-Verkenner,Transformatie-Driver
Docent_36,Transformatie-Driver,Ecosysteem-Architect,Ethische Navigator
Docent_37,Ethische Navigator,Transformatie-Driver,Ecosysteem-Architect
Docent_38,Toekomst-Verkenner,Ethische Navigator,Transformatie-Driver
